name,email
Katrina McCaw,kmccaw0@yolasite.com
Yardley Luggar,yluggar1@bloglovin.com
Ashlen Cowitz,acowitz2@icq.com
Fernandina Caldecot,fcaldecot3@gnu.org
Shannan Chillistone,schillistone4@oracle.com
Allyn Gaddas,agaddas5@domainmarket.com
Donnajean Wittey,dwittey6@go.com
Gay Monini,gmonini7@edublogs.org
Allina Negal,anegal8@a8.net
Eydie Tomasi,etomasi9@springer.com
Abie Laffling,alafflinga@adobe.com
Madlin Duding,mdudingb@usnews.com
Kirsteni Gantzman,kgantzmanc@techcrunch.com
Gerty Josef,gjosefd@mozilla.org
Berny Sherwen,bsherwene@dyndns.org
Gregoor Rea,greaf@addtoany.com
Tanner Goose,tgooseg@gov.uk
Othilia Bein,obeinh@e-recht24.de
Gavrielle Chess,gchessi@dailymotion.com
Odie Whyler,owhylerj@tinypic.com
Adrianna Ryding,arydingk@t.co
Burgess Thornborrow,bthornborrowl@fc2.com
Frances Skirrow,fskirrowm@angelfire.com
Hetty Vasiltsov,hvasiltsovn@yolasite.com
Herta Erb,herbo@indiegogo.com
